Date,CPI,Price,Dividend,
1871.01,12.46,99.37,5.82,
1871.02,12.84,97.73,5.65,
1871.03,13.03,98.66,5.56,
1871.04,12.56,105.29,5.78,
1871.05,12.27,110.46,5.91,
1871.06,12.08,111.28,6.00,
1871.07,12.08,109.20,6.00,
1871.08,11.89,112.35,6.10,
1871.09,12.18,110.87,5.96,
1871.1,12.37,103.52,5.86,
1871.11,12.37,104.65,5.86,
1871.12,12.65,104.49,5.73,
1872.01,12.65,107.14,5.80,
1872.02,12.65,107.58,5.88,
1872.03,12.84,109.46,5.86,
1872.04,13.13,110.06,5.81,
1872.05,13.13,110.06,5.88,
1872.06,13.03,109.79,5.99,
1871.12,12.65,104.49,5.73,
1872.01,12.65,107.14,5.80,
1872.02,12.65,107.58,5.88,
1872.03,12.84,109.46,5.86,
1872.04,13.13,110.06,5.81,
1872.05,13.13,110.06,5.88,
1872.06,13.03,109.79,5.99,
1872.07,12.84,110.76,6.15,
1872.08,12.94,108.66,6.18,
1872.09,13.03,105.94,6.21,
1872.1,12.75,108.75,6.42,
1872.11,13.13,105.17,6.30,
1872.12,12.94,109.30,6.47,
1873.01,12.94,110.17,6.52,
1873.02,13.23,108.63,6.43,
1873.03,13.23,107.79,6.49,
1873.04,13.23,106.31,6.54,
1873.05,12.94,108.87,6.74,
1873.06,12.56,110.62,7.00,
1873.07,12.56,110.39,7.05,
1873.08,12.56,110.39,7.11,
1873.09,12.56,101.95,7.16,
1873.1,12.27,95.23,7.39,
1873.11,11.89,94.76,7.68,
1873.12,12.18,101.25,7.56,
1874.01,12.37,105.10,7.44,
1874.02,12.37,108.26,7.44,
1874.03,12.37,106.68,7.44,
1874.04,12.18,105.37,7.56,
1874.05,12.08,103.43,7.62,
1874.06,11.80,105.46,7.80,
1874.07,11.89,104.61,7.74,
1874.08,11.80,105.69,7.80,
1874.09,11.80,107.35,7.80,
1874.1,11.61,108.87,7.93,
1874.11,11.51,110.74,8.00,
1874.12,11.51,110.01,8.00,
1875.01,11.51,110.01,7.94,
1875.02,11.51,109.77,7.88,
1875.03,11.51,111.22,7.81,
1875.04,11.61,111.75,7.69,
1875.05,11.32,110.13,7.82,
1875.06,11.13,109.76,7.89,
1875.07,11.13,110.01,7.83,
1875.08,11.23,109.58,7.70,
1875.09,11.13,109.51,7.71,
1875.1,11.13,107.76,7.64,
1875.11,11.04,110.46,7.65,
1875.12,10.94,111.42,7.65,
1876.01,10.85,114.71,7.72,
1876.02,10.85,116.25,7.72,
1876.03,10.85,115.99,7.72,
1876.04,10.75,112.61,7.78,
1876.05,10.37,112.44,8.07,
1876.06,10.09,114.79,8.30,
1876.07,10.09,113.41,8.30,
1876.08,10.18,107.69,8.22,
1876.09,10.28,100.18,8.14,
1876.1,10.47,97.82,8.00,
1876.11,10.56,95.09,7.92,
1876.12,10.75,92.89,7.78,
1877.01,10.94,90.51,7.41,
1877.02,10.66,87.44,7.37,
1877.03,10.18,86.86,7.47,
1877.04,10.47,78.36,7.02,
1877.05,10.66,76.96,6.65,
1877.06,10.09,75.51,6.78,
1877.07,10.18,78.10,6.46,
1877.08,9.80,86.82,6.45,
1877.09,9.70,93.13,6.25,
1877.1,9.70,95.15,5.99,
1877.11,9.51,95.58,5.84,
1877.12,9.51,95.29,5.57,
1878.01,9.23,98.24,5.72,
1878.02,9.13,97.12,5.75,
1878.03,8.94,101.06,5.85,
1878.04,8.85,104.99,5.89,
1878.05,8.56,108.81,6.05,
1878.06,8.37,113.61,6.16,
1878.07,8.47,114.65,6.07,
1878.08,8.56,112.39,5.97,
1878.09,8.56,114.67,5.95,
1878.1,8.47,114.65,5.99,
1878.11,8.37,115.61,6.02,
1878.12,8.18,117.62,6.14,
1879.01,8.28,120.65,6.12,
1879.02,8.37,123.61,6.11,
1879.03,8.28,123.01,6.23,
1879.04,8.18,128.53,6.37,
1879.05,8.18,134.33,6.42,
1879.06,8.09,136.60,6.55,
1879.07,8.18,137.74,6.54,
1879.08,8.18,138.76,6.59,
1879.09,8.47,139.02,6.42,
1879.1,8.94,145.98,6.14,
1879.11,9.42,146.01,5.87,
1879.12,9.70,141.43,5.75,
1880.01,9.99,142.69,5.72,
1880.02,9.99,145.20,5.86,
1880.03,10.09,146.60,5.95,
1880.04,9.70,148.90,6.32,
1880.05,9.42,141.27,6.66,
1880.06,9.23,144.79,6.95,
1880.07,9.23,151.44,7.10,
1880.08,9.23,156.88,7.25,
1880.09,9.32,154.98,7.33,
1880.1,9.32,159.47,7.48,
1880.11,9.42,166.15,7.55,
1880.12,9.51,171.23,7.62,
1881.01,9.42,183.32,7.85,
1881.02,9.51,180.90,7.92,
1881.03,9.51,182.96,8.06,
1881.04,9.61,180.57,8.13,
1881.05,9.51,190.58,8.36,
1881.06,9.51,192.93,8.50,
1881.07,9.61,184.34,8.56,
1881.08,9.80,176.49,8.54,
1881.09,10.18,171.26,8.36,
1881.1,10.28,166.96,8.42,
1881.11,10.18,169.62,8.63,
1881.12,10.18,164.69,8.77,
1882.01,10.18,162.22,8.77,
1882.02,10.28,157.19,8.69,
1882.03,10.28,156.92,8.69,
1882.04,10.37,155.48,8.61,
1882.05,10.47,152.20,8.53,
1882.06,10.56,150.03,8.45,
1882.07,10.47,159.93,8.53,
1882.08,10.56,163.24,8.45,
1882.09,10.28,169.40,8.69,
1882.1,10.18,166.33,8.77,
1882.11,10.09,160.71,8.85,
1882.12,9.99,163.07,8.94,
1883.01,9.99,162.24,8.96,
1883.02,10.09,157.11,8.90,
1883.03,9.99,160.56,9.01,
1883.04,9.90,165.49,9.11,
1883.05,9.80,164.25,9.23,
1883.06,9.51,170.64,9.53,
1883.07,9.32,171.43,9.75,
1883.08,9.32,163.65,9.77,
1883.09,9.23,167.16,9.90,
1883.1,9.23,162.62,9.92,
1883.11,9.13,166.76,10.05,
1883.12,9.23,161.41,9.97,
1884.01,9.23,156.58,9.92,
1884.02,9.23,160.81,9.88,
1884.03,9.23,160.20,9.82,
1884.04,9.04,156.17,9.98,
1884.05,8.85,146.60,10.14,
1884.06,8.85,140.61,10.09,
1884.07,8.75,142.14,10.14,
1884.08,8.75,151.06,10.09,
1884.09,8.66,147.89,10.15,
1884.1,8.56,144.65,10.21,
1884.11,8.37,144.93,10.39,
1884.12,8.28,146.26,10.45,
1885.01,8.28,142.89,10.25,
1885.02,8.37,145.60,9.94,
1885.03,8.18,149.33,9.97,
1885.04,8.28,147.27,9.66,
1885.05,8.09,149.01,9.69,
1885.06,7.90,151.90,9.71,
1885.07,7.99,155.68,9.40,
1885.08,7.99,164.40,9.19,
1885.09,7.90,164.26,9.10,
1885.1,7.90,173.80,8.89,
1885.11,7.99,182.90,8.58,
1885.12,8.18,177.28,8.18,
1886.01,7.99,181.50,8.32,
1886.02,7.99,185.00,8.26,
1886.03,7.90,183.34,8.30,
1886.04,7.80,183.07,8.34,
1886.05,7.61,183.98,8.49,
1886.06,7.52,194.85,8.54,
1886.07,7.61,195.34,8.37,
1886.08,7.71,194.38,8.21,
1886.09,7.71,199.45,8.14,
1886.1,7.71,204.52,8.08,
1886.11,7.71,209.58,8.03,
1886.12,7.80,201.66,7.87,
1887.01,7.99,194.77,7.77,
1887.02,8.09,191.10,7.76,
1887.03,8.09,195.58,7.85,
1887.04,8.09,200.07,7.93,
1887.05,8.09,203.52,8.02,
1887.06,7.99,200.00,8.20,
1887.07,7.90,197.47,8.39,
1887.08,7.99,190.23,8.38,
1887.09,7.90,190.05,8.57,
1887.1,7.99,181.50,8.55,
1887.11,8.09,182.82,8.54,
1887.12,8.28,177.61,8.43,
1888.01,8.37,176.92,8.27,
1888.02,8.28,177.94,8.31,
1888.03,8.28,171.20,8.26,
1888.04,8.18,173.87,8.29,
1888.05,8.09,178.33,8.34,
1888.06,7.99,174.87,8.38,
1888.07,8.09,177.30,8.22,
1888.08,8.09,181.09,8.16,
1888.09,8.09,185.58,8.11,
1888.1,8.18,182.40,7.95,
1888.11,8.28,176.59,7.81,
1888.12,8.28,173.22,7.75,
1889.01,7.99,182.90,8.00,
1889.02,7.90,187.22,8.06,
1889.03,7.80,185.57,8.13,
1889.04,7.80,185.22,8.11,
1889.05,7.61,194.98,8.28,
1889.06,7.61,198.28,8.25,
1889.07,7.61,194.25,8.22,
1889.08,7.61,196.81,8.18,
1889.09,7.71,199.09,8.05,
1889.1,7.71,195.47,8.03,
1889.11,7.71,193.66,7.99,
1889.12,7.80,190.22,7.87,
1890.01,7.61,197.18,8.06,
1890.02,7.61,194.98,8.06,
1890.03,7.61,193.51,8.06,
1890.04,7.61,197.54,8.06,
1890.05,7.71,203.43,7.96,
1890.06,7.71,201.98,7.96,
1890.07,7.71,200.53,7.96,
1890.08,7.99,188.83,7.68,
1890.09,8.09,183.51,7.59,
1890.1,8.09,175.23,7.59,
1890.11,7.90,166.38,7.77,
1890.12,7.90,162.50,7.77,
1891.01,7.80,173.06,7.87,
1891.02,7.90,173.09,7.77,
1891.03,7.99,167.89,7.68,
1891.04,8.09,171.44,7.59,
1891.05,7.99,172.78,7.68,
1891.06,7.80,173.42,7.87,
1891.07,7.71,172.66,7.96,
1891.08,7.71,178.45,7.96,
1891.09,7.61,195.34,8.06,
1891.1,7.61,195.34,8.06,
1891.11,7.52,194.85,8.17,
1891.12,7.52,200.79,8.17,
1892.01,7.33,209.81,8.44,
1892.02,7.33,210.19,8.50,
1892.03,7.14,218.14,8.80,
1892.04,7.04,220.69,8.98,
1892.05,7.04,220.69,9.05,
1892.06,7.04,219.50,9.11,
1892.07,7.23,213.73,8.94,
1892.08,7.33,214.00,8.88,
1892.09,7.33,208.67,8.95,
1892.1,7.33,212.86,9.01,
1892.11,7.52,206.72,8.84,
1892.12,7.61,201.94,8.80,
1893.01,7.90,198.18,8.51,
1893.02,7.99,192.33,8.44,
1893.03,7.80,189.87,8.67,
1893.04,7.71,192.21,8.81,
1893.05,7.61,177.39,8.95,
1893.06,7.42,173.29,9.21,
1893.07,7.23,161.26,9.48,
1893.08,6.95,163.87,9.91,
1893.09,7.23,168.59,9.55,
1893.1,7.33,171.35,9.45,
1893.11,7.14,178.66,9.74,
1893.12,7.04,174.73,9.91,
1894.01,6.85,175.92,10.05,
1894.02,6.76,180.88,10.05,
1894.03,6.57,191.64,10.20,
1894.04,6.57,194.19,10.06,
1894.05,6.57,186.97,9.91,
1894.06,6.57,184.42,9.77,
1894.07,6.57,180.59,9.63,
1894.08,6.76,182.11,9.22,
1894.09,6.85,182.44,8.96,
1894.1,6.66,181.78,9.08,
1894.11,6.66,181.78,8.93,
1894.12,6.57,182.72,8.92,
1895.01,6.57,180.59,8.85,
1895.02,6.57,178.04,8.78,
1895.03,6.57,178.04,8.71,
1895.04,6.85,177.96,8.28,
1895.05,6.95,185.16,8.10,
1895.06,7.04,186.22,7.92,
1895.07,6.95,189.58,7.96,
1895.08,6.85,195.06,8.01,
1895.09,6.85,196.28,7.94,
1895.1,6.85,193.43,7.87,
1895.11,6.85,186.92,7.81,
1895.12,6.76,178.40,7.85,
1896.01,6.66,178.85,7.92,
1896.02,6.57,189.09,8.00,
1896.03,6.57,186.12,7.97,
1896.04,6.47,190.58,8.05,
1896.05,6.37,192.55,8.13,
1896.06,6.28,191.91,8.22,
1896.07,6.28,179.47,8.18,
1896.08,6.28,169.26,8.14,
1896.09,6.28,178.14,8.11,
1896.1,6.47,176.78,7.83,
1896.11,6.66,183.46,7.57,
1896.12,6.66,176.76,7.54,
1897.01,6.47,181.96,7.76,
1897.02,6.47,180.23,7.76,
1897.03,6.47,180.66,7.76,
1897.04,6.37,177.67,7.88,
1897.05,6.28,181.25,8.00,
1897.06,6.28,189.69,8.00,
1897.07,6.28,198.13,8.00,
1897.08,6.57,201.84,7.65,
1897.09,6.76,205.65,7.43,
1897.1,6.66,201.89,7.54,
1897.11,6.66,194.77,7.54,
1897.12,6.66,198.96,7.54,
1898.01,6.66,204.40,7.61,
1898.02,6.76,201.11,7.57,
1898.03,6.76,192.03,7.64,
1898.04,6.76,188.72,7.71,
1898.05,7.23,187.88,7.26,
1898.06,6.76,208.96,7.85,
1898.07,6.66,212.78,8.03,
1898.08,6.66,220.74,8.10,
1898.09,6.66,220.32,8.17,
1898.1,6.66,215.71,8.24,
1898.11,6.66,222.83,8.31,
1898.12,6.76,233.32,8.26,
1899.01,6.76,251.08,8.29,
1899.02,6.95,253.44,8.10,
1899.03,6.95,257.05,8.13,
1899.04,7.04,256.75,8.06,
1899.05,7.04,246.05,8.09,
1899.06,7.14,237.30,8.01,
1899.07,7.23,242.28,7.94,
1899.08,7.33,245.22,7.87,
1899.09,7.61,233.46,7.60,
1899.1,7.71,229.49,7.54,
1899.11,7.80,230.98,7.48,
1899.12,7.90,212.66,7.42,
1900.01,7.90,215.48,7.68,
1900.02,7.99,216.76,7.85,
1900.03,7.99,218.50,8.12,
1900.04,7.99,221.30,8.38,
1900.05,7.80,215.97,8.85,
1900.06,7.71,212.12,9.23,
1900.07,7.80,209.53,9.39,
1900.08,7.71,215.01,9.77,
1900.09,7.80,207.39,9.92,
1900.1,7.71,217.55,10.32,
1900.11,7.71,234.56,10.59,
1900.12,7.61,251.79,11.00,
1901.01,7.71,255.92,10.92,
1901.02,7.61,265.71,11.12,
1901.03,7.61,275.24,11.18,
1901.04,7.52,302.11,11.38,
1901.05,7.52,286.89,11.44,
1901.06,7.52,315.47,11.51,
1901.07,7.61,290.63,11.42,
1901.08,7.71,291.03,11.34,
1901.09,7.80,286.05,11.26,
1901.1,7.80,282.83,11.32,
1901.11,7.90,285.43,11.24,
1901.12,7.99,277.49,11.17,
1902.01,7.90,286.84,11.33,
1902.02,7.90,289.31,11.36,
1902.03,7.90,289.67,11.39,
1902.04,7.99,295.99,11.28,
1902.05,8.09,291.82,11.18,
1902.06,8.18,286.72,11.08,
1902.07,8.18,293.20,11.11,
1902.08,8.09,304.58,11.27,
1902.09,8.18,301.72,11.17,
1902.1,8.75,273.12,10.46,
1902.11,8.47,271.46,10.85,
1902.12,8.56,262.25,10.75,
1903.01,8.66,272.58,10.69,
1903.02,8.66,270.97,10.74,
1903.03,8.37,269.21,11.16,
1903.04,8.37,258.22,11.22,
1903.05,8.18,259.11,11.53,
1903.06,8.18,244.79,11.59,
1903.07,8.18,233.54,11.65,
1903.08,8.18,226.04,11.70,
1903.09,8.28,218.05,11.63,
1903.1,8.18,213.42,11.82,
1903.11,8.09,216.62,12.01,
1903.12,8.09,226.63,12.07,
1904.01,8.28,225.12,11.68,
1904.02,8.47,214.14,11.31,
1904.03,8.37,215.90,11.33,
1904.04,8.28,223.78,11.35,
1904.05,8.09,224.21,11.50,
1904.06,8.09,224.56,11.38,
1904.07,8.09,233.87,11.27,
1904.08,8.18,238.99,11.02,
1904.09,8.28,246.69,10.78,
1904.1,8.28,261.18,10.67,
1904.11,8.47,269.15,10.32,
1904.12,8.47,271.79,10.21,
1905.01,8.47,277.72,10.27,
1905.02,8.47,289.91,10.32,
1905.03,8.37,301.53,10.50,
1905.04,8.37,297.86,10.55,
1905.05,8.28,286.46,10.73,
1905.06,8.28,289.83,10.78,
1905.07,8.28,298.93,10.84,
1905.08,8.37,306.53,10.77,
1905.09,8.28,311.06,10.95,
1905.1,8.28,315.44,11.01,
1905.11,8.37,310.19,10.94,
1905.12,8.47,314.29,10.87,
1906.01,8.47,325.16,11.06,
1906.02,8.47,322.85,11.26,
1906.03,8.47,314.94,11.45,
1906.04,8.47,310.66,11.64,
1906.05,8.56,299.06,11.70,
1906.06,8.56,302.97,11.89,
1906.07,8.28,305.33,12.50,
1906.08,8.47,320.54,12.41,
1906.09,8.56,326.76,12.46,
1906.1,8.75,310.09,12.37,
1906.11,8.85,313.06,12.43,
1906.12,8.94,306.93,12.48,
1907.01,8.85,301.40,12.71,
1907.02,9.04,285.79,12.55,
1907.03,8.94,260.45,12.79,
1907.04,8.94,261.70,12.89,
1907.05,9.13,247.39,12.73,
1907.06,9.23,236.98,12.70,
1907.07,9.23,246.05,12.80,
1907.08,9.23,227.61,12.90,
1907.09,9.23,225.19,13.00,
1907.1,9.32,198.66,12.96,
1907.11,8.94,194.95,13.62,
1907.12,8.75,209.38,14.02,
1908.01,8.66,220.71,14.07,
1908.02,8.56,215.01,14.12,
1908.03,8.56,223.81,14.01,
1908.04,8.66,233.27,13.75,
1908.05,8.66,245.84,13.64,
1908.06,8.66,246.16,13.53,
1908.07,8.75,252.41,13.28,
1908.08,8.75,263.24,13.17,
1908.09,8.75,260.37,13.07,
1908.1,8.85,260.73,12.82,
1908.11,8.94,275.42,12.58,
1908.12,9.04,278.69,12.35,
1909.01,8.94,282.60,12.58,
1909.02,9.04,271.60,12.55,
1909.03,9.04,275.30,12.65,
1909.04,9.23,281.72,12.49,
1909.05,9.32,288.11,12.47,
1909.06,9.42,290.24,12.44,
1909.07,9.42,294.38,12.54,
1909.08,9.51,298.48,12.51,
1909.09,9.61,295.81,12.48,
1909.1,9.80,291.21,12.33,
1909.11,9.90,287.00,12.31,
1909.12,9.99,287.61,12.29,
1910.01,9.90,284.18,12.48,
1910.02,9.90,274.03,12.55,
1910.03,10.09,275.50,12.38,
1910.04,10.18,266.35,12.33,
1910.05,9.99,266.95,12.64,
1910.06,9.90,256.55,12.83,
1910.07,9.90,243.58,12.90,
1910.08,9.80,251.92,13.09,
1910.09,9.70,256.12,13.29,
1910.1,9.42,276.02,13.77,
1910.11,9.23,281.41,14.13,
1910.12,9.23,273.55,14.21,
1911.01,9.23,280.20,14.21,
1911.02,8.94,294.14,14.66,
1911.03,9.04,287.64,14.51,
1911.04,8.75,295.75,14.98,
1911.05,8.75,302.12,14.98,
1911.06,8.75,308.18,14.98,
1911.07,8.85,303.61,14.82,
1911.08,9.13,280.07,14.35,
1911.09,9.23,262.07,14.21,
1911.1,9.23,263.58,14.21,
1911.11,9.13,277.01,14.35,
1911.12,9.04,281.16,14.51,
1912.01,9.13,278.54,14.38,
1912.02,9.23,273.25,14.26,
1912.03,9.42,275.43,13.99,
1912.04,9.70,275.67,13.61,
1912.05,9.70,275.38,13.63,
1912.06,9.61,278.11,13.79,
1912.07,9.61,278.40,13.81,
1912.08,9.70,281.99,13.70,
1912.09,9.80,280.68,13.59,
1912.1,9.80,280.11,13.62,
1912.11,9.80,276.97,13.64,
1912.12,9.70,269.63,13.80,
1913.01,9.80,264.73,13.66,
1913.02,9.80,255.34,13.66,
1913.03,9.80,250.50,13.66,
1913.04,9.80,250.22,13.66,
1913.05,9.70,245.89,13.80,
1913.06,9.80,231.14,13.66,
1913.07,9.90,231.91,13.53,
1913.08,9.90,238.11,13.53,
1913.09,10.00,237.96,13.39,
1913.1,10.00,230.43,13.39,
1913.11,10.10,222.35,13.26,
1913.12,10.00,224.29,13.39,
1914.01,10.00,233.50,13.25,
1914.02,9.90,238.95,13.24,
1914.03,9.90,234.45,13.10,
1914.04,9.80,231.14,13.09,
1914.05,9.90,230.22,12.82,
1914.06,9.90,229.09,12.68,
1914.07,10.00,214.25,12.41,
1914.08,10.20,210.05,12.03,
1914.09,10.20,210.05,11.90,
1914.1,10.10,212.13,11.88,
1914.11,10.20,210.05,11.62,
1914.12,10.10,203.01,11.60,
1915.01,10.10,206.60,11.62,
1915.02,10.00,205.88,11.76,
1915.03,9.90,213.31,11.91,
1915.04,10.00,227.08,11.81,
1915.05,10.10,219.58,11.72,
1915.06,10.10,222.07,11.74,
1915.07,10.10,221.24,11.76,
1915.08,10.10,230.63,11.79,
1915.09,10.10,239.19,11.81,
1915.1,10.20,249.98,11.71,
1915.11,10.30,256.22,11.62,
1915.12,10.30,256.76,11.65,
1916.01,10.40,250.27,11.82,
1916.02,10.40,246.78,12.12,
1916.03,10.50,243.63,12.29,
1916.04,10.60,238.70,12.46,
1916.05,10.70,241.68,12.62,
1916.06,10.80,241.77,12.79,
1916.07,10.80,238.41,13.06,
1916.08,10.90,238.02,13.22,
1916.09,11.10,243.28,13.26,
1916.1,11.30,246.38,13.29,
1916.11,11.50,247.67,13.32,
1916.12,11.60,235.68,13.47,
1917.01,11.70,228.18,13.61,
1917.02,12.00,209.92,13.52,
1917.03,12.00,216.43,13.77,
1917.04,12.60,203.03,13.36,
1917.05,12.80,193.10,13.39,
1917.06,13.00,193.99,13.41,
1917.07,12.80,191.57,13.86,
1917.08,13.00,183.05,13.88,
1917.09,13.30,170.32,13.79,
1917.1,13.50,158.70,13.81,
1917.11,13.50,145.48,14.04,
1917.12,13.70,138.47,14.05,
1918.01,14.00,143.67,13.55,
1918.02,14.10,147.00,13.26,
1918.03,14.00,145.06,13.15,
1918.04,14.20,141.64,12.77,
1918.05,14.50,143.14,12.31,
1918.06,14.70,141.38,11.96,
1918.07,15.10,138.74,11.45,
1918.08,15.40,137.31,11.05,
1918.09,15.70,133.98,10.66,
1918.1,16.00,137.04,10.29,
1918.11,16.30,137.94,9.93,
1918.12,16.50,133.57,9.64,
1919.01,16.50,132.72,9.58,
1919.02,16.20,135.70,9.70,
1919.03,16.40,138.12,9.53,
1919.04,16.70,140.15,9.30,
1919.05,16.90,148.07,9.13,
1919.06,16.90,152.03,9.08,
1919.07,17.40,152.47,8.77,
1919.08,17.70,139.80,8.56,
1919.09,17.80,141.21,8.46,
1919.1,18.10,145.96,8.27,
1919.11,18.50,138.58,8.04,
1919.12,18.90,131.66,7.82,
1920.01,19.30,127.63,7.64,
1920.02,19.50,115.88,7.53,
1920.03,19.70,122.77,7.43,
1920.04,20.30,118.18,7.19,
1920.05,20.60,109.15,7.06,
1920.06,20.90,105.71,6.94,
1920.07,20.80,106.09,6.95,
1920.08,20.30,104.44,7.10,
1920.09,20.00,109.77,7.18,
1920.1,19.90,110.47,7.20,
1920.11,19.80,105.39,7.21,
1920.12,19.40,97.93,7.33,
1921.01,19.00,104.39,7.43,
1921.02,18.40,107.04,7.61,
1921.03,18.30,104.88,7.58,
1921.04,18.10,106.50,7.60,
1921.05,17.70,112.22,7.71,
1921.06,17.60,103.82,7.69,
1921.07,17.70,102.92,7.58,
1921.08,17.70,101.66,7.51,
1921.09,17.50,105.37,7.53,
1921.1,17.50,106.80,7.47,
1921.11,17.40,113.19,7.44,
1921.12,17.30,117.88,7.42,
1922.01,16.90,120.50,7.66,
1922.02,16.90,123.14,7.73,
1922.03,16.70,129.29,7.89,
1922.04,16.70,137.14,7.96,
1922.05,16.70,142.49,8.03,
1922.06,16.70,141.15,8.10,
1922.07,16.80,141.31,8.12,
1922.08,16.60,148.39,8.29,
1922.09,16.60,152.26,8.36,
1922.1,16.70,154.68,8.38,
1922.11,16.80,146.13,8.40,
1922.12,16.90,144.93,8.42,
1923.01,16.80,147.79,8.50,
1923.02,16.80,154.10,8.52,
1923.03,16.80,156.59,8.55,
1923.04,16.90,150.21,8.53,
1923.05,16.90,143.12,8.56,
1923.06,17.00,136.86,8.53,
1923.07,17.20,130.73,8.46,
1923.08,17.10,132.14,8.54,
1923.09,17.20,132.19,8.51,
1923.1,17.30,129.49,8.49,
1923.11,17.30,133.36,8.52,
1923.12,17.30,137.87,8.55,
1924.01,17.30,142.39,8.57,
1924.02,17.20,143.86,8.65,
1924.03,17.10,141.93,8.73,
1924.04,17.00,139.48,8.81,
1924.05,17.00,138.99,8.83,
1924.06,17.00,141.62,8.86,
1924.07,17.10,147.31,8.84,
1924.08,17.00,153.27,8.92,
1924.09,17.10,150.90,8.89,
1924.1,17.20,148.08,8.87,
1924.11,17.20,156.35,8.89,
1924.12,17.30,163.83,8.87,
1925.01,17.30,170.61,8.94,
1925.02,17.20,173.06,9.06,
1925.03,17.30,167.54,9.07,
1925.04,17.20,166.73,9.19,
1925.05,17.30,171.09,9.20,
1925.06,17.50,172.16,9.17,
1925.07,17.70,174.95,9.13,
1925.08,17.70,177.31,9.19,
1925.09,17.70,181.41,9.26,
1925.1,17.70,187.40,9.33,
1925.11,18.00,190.01,9.23,
1925.12,17.90,194.19,9.35,
1926.01,17.90,197.15,9.47,
1926.02,17.90,197.46,9.58,
1926.03,17.80,185.09,9.76,
1926.04,17.90,178.91,9.82,
1926.05,17.80,181.17,9.99,
1926.06,17.70,190.86,10.17,
1926.07,17.50,201.18,10.40,
1926.08,17.40,210.35,10.58,
1926.09,17.50,212.33,10.64,
1926.1,17.60,206.37,10.70,
1926.11,17.70,207.89,10.76,
1926.12,17.70,212.61,10.87,
1927.01,17.50,213.61,11.11,
1927.02,17.40,219.01,11.28,
1927.03,17.30,223.66,11.45,
1927.04,17.30,229.14,11.56,
1927.05,17.40,235.68,11.60,
1927.06,17.60,236.01,11.57,
1927.07,17.30,245.43,11.88,
1927.08,17.20,259.99,12.06,
1927.09,17.30,273.16,12.09,
1927.1,17.40,267.42,12.13,
1927.11,17.30,275.10,12.31,
1927.12,17.30,281.55,12.42,
1928.01,17.30,282.68,12.52,
1928.02,17.10,282.56,12.78,
1928.03,17.10,297.73,12.89,
1928.04,17.10,316.49,13.00,
1928.05,17.20,324.38,13.03,
1928.06,17.10,310.29,13.21,
1928.07,17.10,312.57,13.32,
1928.08,17.10,322.69,13.43,
1928.09,17.30,341.37,13.38,
1928.1,17.20,350.33,13.57,
1928.11,17.20,374.01,13.68,
1928.12,17.10,377.67,13.87,
1929.01,17.10,405.56,14.03,
1929.02,17.10,407.68,14.19,
1929.03,17.00,417.30,14.44,
1929.04,16.90,417.30,14.69,
1929.05,17.00,421.08,14.77,
1929.06,17.10,426.61,14.85,
1929.07,17.30,459.25,14.84,
1929.08,17.30,485.37,15.00,
1929.09,17.30,504.72,15.16,
1929.1,17.30,451.35,15.32,
1929.11,17.30,331.86,15.48,
1929.12,17.20,347.09,15.73,
1930.01,17.10,354.17,15.84,
1930.02,17.00,378.57,15.95,
1930.03,16.90,395.18,16.05,
1930.04,17.00,417.79,15.97,
1930.05,16.90,395.18,16.08,
1930.06,16.80,357.34,16.19,
1930.07,16.60,353.92,16.40,
1930.08,16.50,351.50,16.51,
1930.09,16.60,349.21,16.43,
1930.1,16.50,302.98,16.54,
1930.11,16.40,282.71,16.66,
1930.12,16.10,268.74,16.98,
1931.01,15.90,280.37,16.96,
1931.02,15.70,305.62,16.94,
1931.03,15.60,313.48,16.81,
1931.04,15.50,285.45,16.68,
1931.05,15.30,261.28,16.65,
1931.06,15.10,256.24,16.63,
1931.07,15.10,264.74,16.38,
1931.08,15.10,256.80,16.13,
1931.09,15.00,220.01,15.99,
1931.1,14.90,191.91,15.85,
1931.11,14.70,197.17,15.81,
1931.12,14.60,161.27,15.67,
1932.01,14.30,161.92,15.48,
1932.02,14.10,162.83,15.17,
1932.03,14.00,164.59,14.75,
1932.04,13.90,126.04,14.32,
1932.05,13.70,112.20,13.98,
1932.06,13.60,97.84,13.54,
1932.07,13.60,102.77,12.99,
1932.08,13.50,155.60,12.54,
1932.09,13.40,171.96,12.07,
1932.1,13.30,149.34,11.61,
1932.11,13.20,148.99,11.13,
1932.12,13.10,145.23,10.65,
1933.01,12.90,153.32,10.70,
1933.02,12.70,137.29,10.76,
1933.03,12.60,137.93,10.74,
1933.04,12.60,152.55,10.63,
1933.05,12.60,196.38,10.52,
1933.06,12.70,228.23,10.32,
1933.07,13.10,239.15,9.90,
1933.08,13.20,225.50,9.72,
1933.09,13.20,223.60,9.62,
1933.1,13.20,201.83,9.51,
1933.11,13.20,206.69,9.40,
1933.12,13.20,210.70,9.30,
1934.01,13.20,222.75,9.32,
1934.02,13.30,237.44,9.26,
1934.03,13.30,225.27,9.28,
1934.04,13.30,229.05,9.30,
1934.05,13.30,205.76,9.32,
1934.06,13.40,206.94,9.26,
1934.07,13.40,197.15,9.28,
1934.08,13.40,189.45,9.30,
1934.09,13.60,182.15,9.18,
1934.1,13.50,184.94,9.26,
1934.11,13.50,190.11,9.28,
1934.12,13.40,192.78,9.37,
1935.01,13.60,189.94,9.23,
1935.02,13.70,182.86,9.16,
1935.03,13.70,171.25,9.16,
1935.04,13.80,182.74,9.03,
1935.05,13.80,197.10,8.96,
1935.06,13.70,206.07,8.96,
1935.07,13.70,216.86,8.96,
1935.08,13.70,231.52,8.96,
1935.09,13.70,236.41,8.96,
1935.1,13.70,242.72,9.16,
1935.11,13.80,263.60,9.30,
1935.12,13.80,263.60,9.50,
1936.01,13.80,278.16,9.70,
1936.02,13.80,294.13,9.91,
1936.03,13.70,302.59,10.18,
1936.04,13.70,303.00,10.52,
1936.05,13.70,286.91,10.86,
1936.06,13.80,296.96,11.12,
1936.07,13.90,312.28,11.44,
1936.08,14.00,316.23,11.76,
1936.09,14.00,319.82,12.16,
1936.1,14.00,336.55,12.89,
1936.11,14.00,345.92,13.62,
1936.12,14.00,339.94,14.35,
1937.01,14.10,348.02,14.44,
1937.02,14.10,358.30,14.64,
1937.03,14.20,355.39,14.73,
1937.04,14.30,331.83,15.22,
1937.05,14.40,314.81,15.69,
1937.06,14.40,302.99,16.27,
1937.07,14.50,318.79,15.71,
1937.08,14.50,322.06,15.26,
1937.09,14.60,274.57,14.71,
1937.1,14.60,234.64,14.90,
1937.11,14.50,215.48,15.20,
1937.12,14.40,213.49,15.50,
1938.01,14.20,222.19,15.59,
1938.02,14.10,218.43,15.56,
1938.03,14.10,203.98,15.43,
1938.04,14.20,194.29,15.06,
1938.05,14.10,197.45,14.90,
1938.06,14.10,202.00,14.64,
1938.07,14.10,242.17,14.11,
1938.08,14.10,243.55,13.59,
1938.09,14.10,232.47,13.06,
1938.1,14.00,260.24,12.16,
1938.11,14.00,260.44,11.16,
1938.12,14.00,252.86,10.16,
1939.01,14.00,249.08,10.23,
1939.02,13.90,248.86,10.37,
1939.03,13.90,248.66,10.44,
1939.04,13.80,218.93,10.58,
1939.05,13.80,227.01,10.65,
1939.06,13.80,231.06,10.71,
1939.07,13.80,236.72,10.92,
1939.08,13.80,233.28,11.12,
1939.09,14.10,252.65,11.08,
1939.1,14.00,257.05,11.56,
1939.11,14.00,252.47,11.96,
1939.12,14.00,246.49,12.35,
1940.01,13.90,246.86,12.51,
1940.02,14.00,243.50,12.49,
1940.03,14.00,242.10,12.55,
1940.04,14.00,244.49,12.69,
1940.05,14.00,210.82,12.82,
1940.06,14.10,191.32,12.86,
1940.07,14.00,199.06,13.08,
1940.08,14.00,203.25,13.22,
1940.09,14.00,211.82,13.35,
1940.1,14.00,213.81,13.35,
1940.11,14.00,218.79,13.35,
1940.12,14.10,208.34,13.26,
1941.01,14.10,208.73,13.32,
1941.02,14.10,195.67,13.39,
1941.03,14.20,195.47,13.36,
1941.04,14.30,188.06,13.33,
1941.05,14.40,182.68,13.30,
1941.06,14.70,185.22,13.09,
1941.07,14.70,194.71,13.16,
1941.08,14.90,191.16,13.04,
1941.09,15.10,189.18,12.93,
1941.1,15.30,179.23,12.82,
1941.11,15.40,169.74,12.80,
1941.12,15.50,157.66,12.78,
1942.01,15.70,158.67,12.50,
1942.02,15.80,152.73,12.30,
1942.03,16.00,142.62,12.03,
1942.04,16.10,135.84,11.78,
1942.05,16.30,135.72,11.47,
1942.06,16.30,142.56,11.30,
1942.07,16.40,146.97,11.00,
1942.08,16.50,145.23,10.71,
1942.09,16.50,146.75,10.48,
1942.1,16.70,155.69,10.19,
1942.11,16.80,157.25,9.96,
1942.12,16.90,157.15,9.74,
1943.01,16.90,166.56,9.74,
1943.02,16.90,176.46,9.74,
1943.03,17.20,179.54,9.57,
1943.04,17.40,183.41,9.46,
1943.05,17.50,189.54,9.41,
1943.06,17.50,192.89,9.41,
1943.07,17.40,198.00,9.51,
1943.08,17.30,189.31,9.62,
1943.09,17.40,192.23,9.62,
1943.1,17.40,190.47,9.67,
1943.11,17.40,181.65,9.73,
1943.12,17.40,184.05,9.78,
1944.01,17.40,189.99,9.83,
1944.02,17.40,188.70,9.89,
1944.03,17.40,193.99,9.94,
1944.04,17.50,189.54,9.94,
1944.05,17.50,192.89,9.99,
1944.06,17.60,200.82,9.99,
1944.07,17.70,204.89,9.98,
1944.08,17.70,201.90,10.03,
1944.09,17.70,198.59,10.09,
1944.1,17.70,203.47,10.09,
1944.11,17.70,202.05,10.09,
1944.12,17.80,205.31,10.03,
1945.01,17.80,211.42,10.08,
1945.02,17.80,218.47,10.13,
1945.03,17.80,218.32,10.19,
1945.04,17.80,223.80,10.19,
1945.05,17.90,230.97,10.13,
1945.06,18.10,232.58,10.02,
1945.07,18.10,227.80,10.07,
1945.08,18.10,228.57,10.12,
1945.09,18.10,244.13,10.17,
1945.1,18.10,254.31,10.17,
1945.11,18.10,262.63,10.17,
1945.12,18.20,265.63,10.12,
1946.01,18.20,276.21,10.22,
1946.02,18.10,278.50,10.38,
1946.03,18.30,267.23,10.37,
1946.04,18.40,282.91,10.31,
1946.05,18.50,281.98,10.25,
1946.06,18.70,277.18,10.14,
1946.07,19.80,254.31,9.63,
1946.08,20.20,244.44,9.48,
1946.09,20.40,206.35,9.44,
1946.1,20.80,197.83,9.34,
1946.11,21.30,192.40,9.21,
1946.12,21.50,196.32,9.21,
1947.01,21.50,197.35,9.26,
1947.02,21.50,205.01,9.30,
1947.03,21.90,193.11,9.17,
1947.04,21.90,185.98,9.34,
1947.05,21.90,182.67,9.51,
1947.06,22.00,188.18,9.64,
1947.07,22.20,198.17,9.68,
1947.08,22.50,191.68,9.67,
1947.09,23.00,182.66,9.58,
1947.1,23.00,187.39,9.78,
1947.11,23.10,184.41,9.94,
1947.12,23.40,179.18,10.01,
1948.01,23.70,174.56,9.93,
1948.02,23.50,167.38,10.05,
1948.03,23.40,170.48,10.13,
1948.04,23.80,180.51,9.96,
1948.05,23.90,188.51,9.92,
1948.06,24.10,194.70,9.84,
1948.07,24.40,187.73,9.79,
1948.08,24.50,181.50,9.83,
1948.09,24.50,179.45,9.91,
1948.1,24.40,185.10,10.18,
1948.11,24.20,176.26,10.49,
1948.12,24.10,175.83,10.77,
1949.01,24.00,178.54,11.00,
1949.02,23.80,173.12,11.29,
1949.03,23.80,174.76,11.49,
1949.04,23.90,173.80,11.59,
1949.05,23.80,173.24,11.80,
1949.06,23.90,163.06,11.91,
1949.07,23.70,173.74,12.08,
1949.08,23.80,179.22,12.11,
1949.09,23.90,180.80,12.14,
1949.1,23.70,187.04,12.63,
1949.11,23.80,188.83,12.97,
1949.12,23.60,195.51,13.48,
1950.01,23.50,200.38,13.65,
1950.02,23.50,204.30,13.77,
1950.03,23.60,205.09,13.83,
1950.04,23.60,210.88,13.95,
1950.05,23.70,217.05,14.01,
1950.06,23.80,219.66,14.07,
1950.07,24.10,201.18,14.39,
1950.08,24.30,211.58,14.77,
1950.09,24.40,218.14,15.21,
1950.1,24.60,225.33,15.61,
1950.11,24.70,223.96,16.08,
1950.12,25.00,220.38,16.40,
1951.01,25.40,232.95,16.33,
1951.02,25.70,238.80,16.32,
1951.03,25.80,233.88,16.44,
1951.04,25.80,237.01,16.58,
1951.05,25.90,236.21,16.66,
1951.06,25.90,232.11,16.80,
1951.07,25.90,236.21,16.66,
1951.08,25.90,246.55,16.52,
1951.09,26.10,250.96,16.25,
1951.1,26.20,248.73,15.79,
1951.11,26.40,239.98,15.29,
1951.12,26.50,246.44,14.84,
1952.01,26.50,254.65,14.88,
1952.02,26.30,251.92,15.03,
1952.03,26.30,252.56,15.06,
1952.04,26.40,250.86,15.11,
1952.05,26.40,250.75,15.22,
1952.06,26.50,256.65,15.26,
1952.07,26.70,262.04,15.15,
1952.08,26.70,263.09,15.15,
1952.09,26.70,258.91,15.15,
1952.1,26.70,253.47,15.01,
1952.11,26.70,261.52,14.87,
1952.12,26.70,272.07,14.73,
1953.01,26.60,274.56,14.79,
1953.02,26.50,272.23,14.84,
1953.03,26.60,272.57,14.79,
1953.04,26.60,259.15,14.82,
1953.05,26.70,259.53,14.80,
1953.06,26.80,249.30,14.78,
1953.07,26.80,252.84,14.78,
1953.08,26.90,252.94,14.73,
1953.09,26.90,241.32,14.73,
1953.1,27.00,247.66,14.77,
1953.11,26.90,254.08,14.93,
1953.12,26.90,257.50,15.04,
1954.01,26.90,264.03,15.11,
1954.02,26.90,269.84,15.18,
1954.03,26.90,275.54,15.24,
1954.04,26.80,287.61,15.23,
1954.05,26.90,297.95,15.11,
1954.06,26.90,300.33,15.04,
1954.07,26.90,312.46,15.11,
1954.08,26.90,318.69,15.18,
1954.09,26.80,327.37,15.30,
1954.1,26.80,334.97,15.54,
1954.11,26.80,348.08,15.79,
1954.12,26.70,365.37,16.09,
1955.01,26.70,371.96,16.16,
1955.02,26.70,384.39,16.23,
1955.03,26.70,381.36,16.30,
1955.04,26.70,394.52,16.33,
1955.05,26.70,392.85,16.37,
1955.06,26.70,415.63,16.40,
1955.07,26.80,444.37,16.52,
1955.08,26.80,441.66,16.69,
1955.09,26.90,459.83,16.80,
1955.1,26.90,436.70,16.87,
1955.11,26.90,466.16,16.94,
1955.12,26.80,472.27,17.07,
1956.01,26.80,459.57,17.38,
1956.02,26.80,462.48,17.70,
1956.03,26.80,494.33,18.01,
1956.04,26.90,498.30,18.18,
1956.05,27.00,480.86,18.36,
1956.06,27.20,474.55,18.46,
1956.07,27.40,496.64,18.46,
1956.08,27.30,495.50,18.67,
1956.09,27.40,476.89,18.73,
1956.1,27.50,469.07,18.33,
1956.11,27.50,464.20,17.99,
1956.12,27.60,469.39,17.59,
1957.01,27.60,459.18,17.55,
1957.02,27.70,437.79,17.46,
1957.03,27.80,441.83,17.36,
1957.04,27.90,450.45,17.30,
1957.05,28.00,466.07,17.24,
1957.06,28.10,472.06,17.17,
1957.07,28.30,478.19,17.15,
1957.08,28.30,451.87,17.25,
1957.09,28.30,433.53,17.35,
1957.1,28.30,406.52,17.45,
1957.11,28.40,396.35,17.48,
1957.12,28.40,396.15,17.58,
1958.01,28.60,401.09,17.39,
1958.02,28.60,402.45,17.33,
1958.03,28.80,407.89,17.14,
1958.04,28.90,408.70,16.96,
1958.05,28.90,421.83,16.83,
1958.06,28.90,431.96,16.70,
1958.07,29.00,442.31,16.64,
1958.08,28.90,460.44,16.70,
1958.09,28.90,472.60,16.70,
1958.1,28.90,491.81,16.76,
1958.11,29.00,505.03,16.77,
1958.12,28.90,516.33,16.89,
1959.01,29.00,535.04,16.90,
1959.02,28.90,528.69,17.02,
1959.03,28.90,542.10,17.09,
1959.04,29.00,549.28,17.09,
1959.05,29.00,557.55,17.15,
1959.06,29.10,550.84,17.16,
1959.07,29.20,570.74,17.16,
1959.08,29.20,567.49,17.23,
1959.09,29.30,543.18,17.23,
1959.1,29.40,540.85,17.24,
1959.11,29.40,543.04,17.30,
1959.12,29.40,560.40,17.36,
1960.01,29.30,552.51,17.77,
1960.02,29.40,529.28,18.06,
1960.03,29.40,522.07,18.41,
1960.04,29.50,527.01,18.38,
1960.05,29.50,522.19,18.41,
1960.06,29.60,539.65,18.38,
1960.07,29.60,526.27,18.38,
1960.08,29.60,532.58,18.38,
1960.09,29.60,516.56,18.38,
1960.1,29.80,502.98,18.25,
1960.11,29.80,519.27,18.25,
1960.12,29.80,531.72,18.25,
1961.01,29.80,559.06,18.22,
1961.02,29.80,581.99,18.19,
1961.03,29.80,600.25,18.16,
1961.04,29.80,616.26,18.16,
1961.05,29.80,622.53,18.16,
1961.06,29.80,614.29,18.16,
1961.07,30.00,608.52,18.10,
1961.08,29.90,632.48,18.22,
1961.09,30.00,625.44,18.23,
1961.1,30.00,632.33,18.41,
1961.11,30.00,660.97,18.60,
1961.12,30.00,667.10,18.78,
1962.01,30.00,642.28,18.85,
1962.02,30.10,650.80,18.84,
1962.03,30.10,651.45,18.91,
1962.04,30.20,628.60,18.91,
1962.05,30.20,581.86,18.97,
1962.06,30.20,513.87,19.03,
1962.07,30.30,524.51,19.03,
1962.08,30.30,538.78,19.09,
1962.09,30.40,532.24,19.09,
1962.1,30.40,515.45,19.24,
1962.11,30.40,550.96,19.39,
1962.12,30.40,574.82,19.55,
1963.01,30.40,597.03,19.61,
1963.02,30.40,604.92,19.67,
1963.03,30.50,600.65,19.66,
1963.04,30.50,628.91,19.82,
1963.05,30.50,641.53,19.97,
1963.06,30.60,639.16,20.06,
1963.07,30.70,627.63,20.02,
1963.08,30.70,644.99,20.05,
1963.09,30.70,661.98,20.08,
1963.1,30.80,661.46,20.23,
1963.11,30.80,657.75,20.44,
1963.12,30.90,669.61,20.58,
1964.01,30.90,690.20,20.73,
1964.02,30.90,698.68,20.88,
1964.03,30.90,711.41,21.04,
1964.04,30.90,721.70,21.19,
1964.05,30.90,728.75,21.34,
1964.06,31.00,722.08,21.42,
1964.07,31.10,746.48,21.53,
1964.08,31.00,737.91,21.78,
1964.09,31.10,748.19,21.89,
1964.1,31.10,761.11,22.07,
1964.11,31.20,763.94,22.17,
1964.12,31.20,750.71,22.35,
1965.01,31.20,770.02,22.50,
1965.02,31.20,775.65,22.65,
1965.03,31.30,773.89,22.73,
1965.04,31.40,781.55,22.83,
1965.05,31.40,793.19,23.01,
1965.06,31.60,750.74,23.04,
1965.07,31.60,749.59,23.19,
1965.08,31.60,763.54,23.34,
1965.09,31.60,789.05,23.48,
1965.1,31.70,804.25,23.58,
1965.11,31.70,810.94,23.76,
1965.12,31.80,804.71,23.86,
1966.01,31.80,818.65,24.04,
1966.02,32.00,808.05,24.06,
1966.03,32.10,772.42,24.16,
1966.04,32.30,791.13,24.15,
1966.05,32.30,749.50,24.30,
1966.06,32.40,740.99,24.37,
1966.07,32.50,736.82,24.46,
1966.08,32.70,688.03,24.48,
1966.09,32.70,663.81,24.65,
1966.1,32.90,654.00,24.45,
1966.11,32.90,686.73,24.39,
1966.12,32.90,689.62,24.34,
1967.01,32.90,716.07,24.42,
1967.02,32.90,740.75,24.51,
1967.03,33.00,755.92,24.52,
1967.04,33.10,766.61,24.44,
1967.05,33.20,778.00,24.37,
1967.06,33.30,765.95,24.29,
1967.07,33.40,776.85,24.28,
1967.08,33.50,786.85,24.26,
1967.09,33.60,795.47,24.24,
1967.1,33.70,791.87,24.17,
1967.11,33.80,764.77,24.10,
1967.12,33.90,784.24,24.03,
1968.01,34.10,777.51,23.97,
1968.02,34.20,740.24,23.98,
1968.03,34.30,724.58,23.99,
1968.04,34.40,775.84,24.03,
1968.05,34.50,791.38,24.07,
1968.06,34.70,807.96,24.04,
1968.07,34.90,801.73,24.01,
1968.08,35.00,781.99,24.04,
1968.09,35.10,805.11,24.08,
1968.1,35.30,820.31,24.05,
1968.11,35.40,830.60,24.09,
1968.12,35.50,836.90,24.12,
1969.01,35.60,799.29,24.14,
1969.02,35.80,790.93,24.08,
1969.03,36.10,767.35,23.96,
1969.04,36.30,778.50,23.90,
1969.05,36.40,801.65,23.91,
1969.06,36.60,755.65,23.86,
1969.07,36.80,717.96,23.78,
1969.08,37.00,710.08,23.70,
1969.09,37.10,710.65,23.69,
1969.1,37.30,714.40,23.58,
1969.11,37.50,715.72,23.48,
1969.12,37.70,674.18,23.38,
1970.01,37.80,666.50,23.35,
1970.02,38.00,639.86,23.25,
1970.03,38.20,647.39,23.15,
1970.04,38.50,622.79,22.99,
1970.05,38.60,549.70,22.96,
1970.06,38.80,543.48,22.86,
1970.07,39.00,541.63,22.77,
1970.08,39.00,557.36,22.79,
1970.09,39.20,587.68,22.70,
1970.1,39.40,597.37,22.47,
1970.11,39.60,593.72,22.24,
1970.12,39.80,631.18,22.01,
1971.01,39.80,655.29,21.94,
1971.02,39.90,678.96,21.81,
1971.03,40.00,694.63,21.69,
1971.04,40.10,716.55,21.61,
1971.05,40.30,703.30,21.48,
1971.06,40.60,685.19,21.30,
1971.07,40.70,678.57,21.23,
1971.08,40.80,664.87,21.15,
1971.09,40.80,679.64,21.13,
1971.1,40.90,663.59,21.03,
1971.11,40.90,632.83,20.99,
1971.12,41.10,673.12,20.84,
1972.01,41.10,701.15,20.84,
1972.02,41.30,710.59,20.74,
1972.03,41.40,725.72,20.69,
1972.04,41.50,731.36,20.64,
1972.05,41.60,722.23,20.59,
1972.06,41.70,722.51,20.54,
1972.07,41.90,713.73,20.46,
1972.08,42.00,737.27,20.44,
1972.09,42.10,724.92,20.41,
1972.1,42.30,722.81,20.47,
1972.11,42.40,757.29,20.57,
1972.12,42.50,771.26,20.68,
1973.01,42.60,775.35,20.67,
1973.02,42.90,742.61,20.57,
1973.03,43.30,724.16,20.42,
1973.04,43.60,705.74,20.39,
1973.05,43.90,681.21,20.36,
1973.06,44.20,661.44,20.32,
1973.07,44.30,666.25,20.38,
1973.08,45.10,642.06,20.12,
1973.09,45.20,651.75,20.18,
1973.1,45.60,671.72,20.23,
1973.11,45.90,619.93,20.32,
1973.12,46.20,572.31,20.41,
1974.01,46.60,575.35,20.35,
1974.02,47.20,552.32,20.21,
1974.03,47.80,568.67,20.08,
1974.04,48.00,537.36,20.11,
1974.05,48.60,514.71,19.98,
1974.06,49.00,511.19,19.93,
1974.07,49.40,447.87,19.93,
1974.08,50.00,424.20,19.86,
1974.09,50.60,375.56,19.79,
1974.1,51.10,379.09,19.62,
1974.11,51.50,388.60,19.48,
1974.12,51.90,360.51,19.35,
1975.01,52.10,388.52,19.40,
1975.02,52.50,425.62,19.38,
1975.03,52.70,443.49,19.43,
1975.04,52.90,446.77,19.42,
1975.05,53.20,472.46,19.38,
1975.06,53.60,480.91,19.31,
1975.07,54.20,476.05,19.10,
1975.08,54.30,440.34,19.06,
1975.09,54.60,432.60,18.96,
1975.1,54.90,450.06,18.80,
1975.11,55.30,454.37,18.61,
1975.12,55.50,445.84,18.50,
1976.01,55.60,485.99,18.48,
1976.02,55.80,502.94,18.43,
1976.03,55.90,504.54,18.41,
1976.04,56.10,506.72,18.47,
1976.05,56.50,499.67,18.45,
1976.06,56.80,499.98,18.47,
1976.07,57.10,509.08,18.52,
1976.08,57.40,502.04,18.57,
1976.09,57.60,510.96,18.65,
1976.1,57.90,490.96,18.87,
1976.11,58.00,486.75,19.16,
1976.12,58.20,501.85,19.41,
1977.01,58.50,494.99,19.54,
1977.02,59.10,476.75,19.56,
1977.03,59.50,471.67,19.64,
1977.04,60.00,460.53,19.74,
1977.05,60.30,456.90,19.91,
1977.06,60.70,456.32,20.04,
1977.07,61.00,458.24,20.15,
1977.08,61.20,445.57,20.30,
1977.09,61.40,437.22,20.45,
1977.1,61.60,424.52,20.64,
1977.11,61.90,424.90,20.79,
1977.12,62.10,421.46,20.98,
1978.01,62.50,402.83,21.04,
1978.02,62.90,394.63,21.10,
1978.03,63.40,390.82,21.12,
1978.04,63.90,404.74,21.12,
1978.05,64.50,421.31,21.08,
1978.06,65.20,417.85,21.01,
1978.07,65.70,412.68,21.00,
1978.08,66.00,439.16,21.06,
1978.09,66.50,435.86,21.06,
1978.1,67.10,418.24,20.94,
1978.11,67.40,392.00,20.92,
1978.12,67.70,396.03,20.89,
1979.01,68.30,407.26,20.89,
1979.02,69.10,396.57,20.82,
1979.03,69.80,400.07,20.78,
1979.04,70.60,403.44,20.73,
1979.05,71.50,389.11,20.65,
1979.06,72.30,392.41,20.60,
1979.07,73.10,391.93,20.59,
1979.08,73.80,405.98,20.61,
1979.09,74.60,406.11,20.60,
1979.1,75.20,387.66,20.61,
1979.11,75.90,381.14,20.59,
1979.12,76.70,392.08,20.55,
1980.01,77.80,397.65,20.44,
1980.02,78.90,407.67,20.33,
1980.03,80.10,364.64,20.20,
1980.04,81.00,354.74,20.14,
1980.05,81.80,367.30,20.10,
1980.06,82.70,386.57,20.04,
1980.07,82.70,404.11,20.18,
1980.08,83.30,413.59,20.18,
1980.09,84.00,420.11,20.16,
1980.1,84.80,428.32,20.07,
1980.11,85.50,442.76,20.00,
1980.12,86.30,431.54,19.91,
1981.01,87.00,426.47,19.88,
1981.02,87.90,407.50,19.80,
1981.03,88.50,419.87,19.80,
1981.04,89.10,420.80,19.78,
1981.05,89.80,409.13,19.74,
1981.06,90.60,407.37,19.68,
1981.07,91.60,393.17,19.59,
1981.08,92.30,391.70,19.58,
1981.09,93.20,354.10,19.52,
1981.1,93.40,357.82,19.58,
1981.11,93.70,365.90,19.63,
1981.12,94.00,367.41,19.68,
1982.01,94.30,347.01,19.70,
1982.02,94.60,337.65,19.73,
1982.03,94.50,327.09,19.84,
1982.04,94.90,341.87,19.84,
1982.05,95.80,338.95,19.74,
1982.06,97.00,315.49,19.59,
1982.07,97.50,313.02,19.52,
1982.08,97.70,313.23,19.52,
1982.09,97.90,348.78,19.52,
1982.1,98.20,376.98,19.48,
1982.11,98.00,393.12,19.54,
1982.12,97.60,398.44,19.64,
1983.01,97.80,411.61,19.63,
1983.02,97.90,418.31,19.65,
1983.03,97.90,432.84,19.69,
1983.04,98.60,446.18,19.58,
1983.05,99.20,461.48,19.49,
1983.06,99.50,466.53,19.46,
1983.07,99.90,466.34,19.44,
1983.08,100.20,452.14,19.43,
1983.09,100.70,463.19,19.39,
1983.1,101.00,463.20,19.42,
1983.11,101.20,455.39,19.46,
1983.12,101.30,452.74,19.52,
1984.01,101.90,455.55,19.49,
1984.02,102.40,428.53,19.48,
1984.03,102.60,427.97,19.52,
1984.04,103.10,426.43,19.54,
1984.05,103.40,422.50,19.61,
1984.06,103.70,411.86,19.66,
1984.07,104.10,404.92,19.65,
1984.08,104.50,438.87,19.64,
1984.09,105.00,441.30,19.61,
1984.1,105.30,436.60,19.68,
1984.11,105.30,440.57,19.82,
1984.12,105.30,435.80,19.95,
1985.01,105.50,453.75,20.03,
1985.02,106.00,476.09,20.05,
1985.03,106.40,470.36,20.08,
1985.04,106.90,471.30,20.06,
1985.05,107.30,480.72,20.05,
1985.06,107.60,489.75,20.07,
1985.07,107.80,498.16,20.12,
1985.08,108.00,486.38,20.16,
1985.09,108.30,474.22,20.19,
1985.1,108.70,477.86,20.17,
1985.11,109.00,505.47,20.17,
1985.12,109.30,529.09,20.16,
1986.01,109.60,529.94,20.21,
1986.02,109.30,559.98,20.37,
1986.03,108.80,595.63,20.56,
1986.04,108.60,611.36,20.67,
1986.05,108.90,610.96,20.68,
1986.06,109.50,624.94,20.64,
1986.07,109.50,611.94,20.75,
1986.08,109.70,623.04,20.82,
1986.09,110.20,603.25,20.83,
1986.1,110.30,600.42,20.86,
1986.11,110.40,619.34,20.88,
1986.12,110.50,627.61,20.90,
1987.01,111.20,663.55,20.82,
1987.02,111.60,702.17,20.80,
1987.03,112.10,727.90,20.75,
1987.04,112.70,716.11,20.79,
1987.05,113.10,713.08,20.87,
1987.06,113.50,740.80,20.94,
1987.07,113.80,760.17,21.00,
1987.08,114.40,803.25,21.00,
1987.09,115.00,773.10,21.01,
1987.1,115.30,677.94,21.07,
1987.11,115.40,592.26,21.18,
1987.12,115.40,582.59,21.30,
1988.01,115.70,603.99,21.35,
1988.02,116.00,620.70,21.41,
1988.03,116.50,636.24,21.43,
1988.04,117.10,625.59,21.54,
1988.05,117.50,608.03,21.69,
1988.06,118.00,639.97,21.82,
1988.07,118.50,633.50,21.91,
1988.08,119.00,618.18,22.00,
1988.09,119.80,624.07,22.03,
1988.1,120.20,643.81,22.16,
1988.11,120.30,628.43,22.35,
1988.12,120.50,640.12,22.57,
1989.01,121.10,657.45,22.61,
1989.02,121.60,674.48,22.70,
1989.03,122.30,667.65,22.83,
1989.04,123.10,685.07,22.86,
1989.05,123.80,707.33,22.97,
1989.06,124.10,727.65,23.31,
1989.07,124.40,744.29,23.37,
1989.08,124.60,776.00,23.61,
1989.09,125.00,775.08,23.95,
1989.1,125.60,771.60,23.98,
1989.11,125.90,753.81,24.20,
1989.12,126.10,771.20,24.47,
1990.01,127.40,744.43,24.39,
1990.02,128.00,720.19,24.48,
1990.03,128.70,733.64,24.54,
1990.04,128.90,731.89,24.75,
1990.05,129.20,756.26,24.95,
1990.06,129.90,773.96,25.04,
1990.07,130.40,770.22,25.09,
1990.08,131.60,701.13,24.98,
1990.09,132.70,663.07,24.87,
1990.1,133.50,641.77,24.92,
1990.11,133.80,657.37,25.05,
1990.12,133.80,685.43,25.21,
1991.01,134.60,674.60,25.09,
1991.02,134.80,749.69,25.07,
1991.03,135.00,769.29,25.02,
1991.04,135.20,783.42,25.03,
1991.05,135.60,777.63,24.98,
1991.06,136.00,775.96,24.92,
1991.07,136.20,778.79,24.97,
1991.08,136.60,795.24,24.99,
1991.09,137.20,787.29,24.97,
1991.1,137.40,785.49,24.88,
1991.11,137.80,781.27,24.75,
1991.12,137.90,785.94,24.68,
1992.01,138.10,840.50,24.73,
1992.02,138.60,830.38,24.72,
1992.03,139.30,815.79,24.67,
1992.04,139.50,814.72,24.64,
1992.05,139.70,828.34,24.60,
1992.06,140.20,812.37,24.51,
1992.07,140.50,824.10,24.51,
1992.08,140.90,827.46,24.48,
1992.09,141.30,826.20,24.48,
1992.1,141.80,811.52,24.37,
1992.11,142.00,830.69,24.33,
1992.12,141.90,856.44,24.36,
1993.01,142.60,851.44,24.28,
1993.02,143.10,861.08,24.26,
1993.03,143.60,874.51,24.24,
1993.04,144.00,858.37,24.20,
1993.05,144.20,861.37,24.20,
1993.06,144.40,865.61,24.19,
1993.07,144.40,864.12,24.19,
1993.08,144.80,874.91,24.12,
1993.09,145.10,882.93,24.07,
1993.1,145.70,888.21,24.01,
1993.11,145.80,885.67,24.03,
1993.12,145.80,891.53,24.07,
1994.01,146.20,902.52,24.09,
1994.02,146.70,896.76,24.09,
1994.03,147.20,878.99,24.09,
1994.04,147.40,846.42,24.14,
1994.05,147.50,852.79,24.20,
1994.06,148.00,857.32,24.20,
1994.07,148.40,848.56,24.19,
1994.08,149.00,869.18,24.15,
1994.09,149.40,871.93,24.12,
1994.1,149.50,865.47,24.28,
1994.11,149.70,859.10,24.41,
1994.12,149.70,848.25,24.54,
1995.01,150.30,863.54,24.46,
1995.02,150.90,890.92,24.37,
1995.03,151.40,908.67,24.27,
1995.04,151.90,932.79,24.32,
1995.05,152.20,960.09,24.39,
1995.06,152.50,986.63,24.44,
1995.07,152.50,1019.59,24.59,
1995.08,152.90,1020.10,24.65,
1995.09,153.20,1053.90,24.73,
1995.1,153.70,1058.01,24.77,
1995.11,153.60,1081.60,24.92,
1995.12,153.50,1116.90,25.06,
1996.01,154.40,1110.12,25.10,
1996.02,154.90,1169.79,25.21,
1996.03,155.70,1159.35,25.26,
1996.04,156.30,1155.08,25.27,
1996.05,156.60,1177.92,25.32,
1996.06,156.70,1190.11,25.40,
1996.07,157.00,1144.42,25.59,
1996.08,157.30,1175.24,25.77,
1996.09,157.80,1193.09,25.92,
1996.1,158.30,1236.16,25.98,
1996.11,158.60,1294.00,26.07,
1996.12,158.60,1307.33,26.21,
1997.01,159.10,1343.50,26.22,
1997.02,159.60,1395.52,26.23,
1997.03,160.00,1381.17,26.26,
1997.04,160.20,1330.28,26.28,
1997.05,160.10,1451.62,26.36,
1997.06,160.30,1524.99,26.38,
1997.07,160.50,1608.26,26.45,
1997.08,160.80,1608.64,26.50,
1997.09,161.20,1621.58,26.53,
1997.1,161.60,1641.97,26.56,
1997.11,161.50,1621.84,26.68,
1997.12,161.30,1664.41,26.81,
1998.01,161.60,1663.03,26.84,
1998.02,161.90,1763.99,26.88,
1998.03,162.20,1852.04,26.90,
1998.04,162.50,1909.34,27.04,
1998.05,162.80,1899.34,27.16,
1998.06,163.00,1896.96,27.30,
1998.07,163.20,1977.01,27.38,
1998.08,163.40,1834.66,27.46,
1998.09,163.60,1740.37,27.52,
1998.1,164.00,1756.25,27.50,
1998.11,164.00,1946.70,27.53,
1998.12,163.90,2025.53,27.57,
1999.01,164.30,2120.30,27.65,
1999.02,164.50,2114.01,27.76,
1999.03,165.00,2166.92,27.81,
1999.04,166.20,2240.40,27.61,
1999.05,166.20,2235.88,27.61,
1999.06,166.20,2219.90,27.61,
1999.07,166.70,2311.04,27.63,
1999.08,167.10,2216.20,27.67,
1999.09,167.90,2190.15,27.65,
1999.1,168.20,2156.12,27.63,
1999.11,168.30,2305.67,27.64,
1999.12,168.30,2368.12,27.66,
2000.01,168.80,2356.00,27.62,
2000.02,169.80,2281.80,27.50,
2000.03,171.20,2350.05,27.31,
2000.04,171.30,2379.87,27.26,
2000.05,171.50,2307.34,27.20,
2000.06,172.40,2365.66,27.02,
2000.07,172.80,2378.00,26.77,
2000.08,172.80,2398.12,26.58,
2000.09,173.70,2357.73,26.26,
2000.1,174.00,2228.76,26.17,
2000.11,174.10,2208.09,26.11,
2000.12,174.00,2133.83,26.09,
2001.01,175.10,2127.91,25.76,
2001.02,175.80,2072.02,25.50,
2001.03,176.20,1877.49,25.28,
2001.04,176.90,1876.35,25.04,
2001.05,177.70,1994.33,24.78,
2001.06,178.00,1941.35,24.59,
2001.07,177.50,1892.97,24.69,
2001.08,177.50,1852.19,24.71,
2001.09,178.30,1634.44,24.63,
2001.1,177.70,1690.11,24.71,
2001.11,177.40,1776.46,24.75,
2001.12,176.70,1807.57,24.85,
2002.01,177.10,1796.05,24.79,
2002.02,177.80,1726.95,24.69,
2002.03,178.80,1800.17,24.54,
2002.04,179.80,1725.21,24.57,
2002.05,179.80,1674.50,24.73,
2002.06,179.90,1572.42,24.87,
2002.07,180.10,1399.62,24.72,
2002.08,180.70,1408.81,24.52,
2002.09,181.00,1337.52,24.35,
2002.1,181.30,1315.02,24.45,
2002.11,181.30,1400.11,24.59,
2002.12,180.90,1386.63,24.78,
2003.01,181.70,1375.40,24.75,
2003.02,183.10,1275.28,24.64,
2003.03,184.20,1282.20,24.56,
2003.04,183.80,1350.87,24.59,
2003.05,183.50,1422.90,24.61,
2003.06,183.70,1500.38,24.56,
2003.07,183.90,1505.63,24.74,
2003.08,184.60,1495.38,24.86,
2003.09,185.20,1535.59,24.99,
2003.1,185.00,1566.33,25.42,
2003.11,184.50,1587.47,25.89,
2003.12,184.30,1635.72,26.32,
2004.01,185.20,1705.92,26.51,
2004.02,186.20,1713.00,26.68,
2004.03,187.40,1673.18,26.82,
2004.04,188.00,1681.76,27.03,
2004.05,189.10,1626.86,27.15,
2004.06,189.70,1665.80,27.35,
2004.07,189.40,1628.81,27.67,
2004.08,189.50,1603.05,27.93,
2004.09,189.90,1641.87,28.15,
2004.1,190.90,1632.61,28.14,
2004.11,191.00,1707.31,28.26,
2004.12,190.30,1757.96,28.50,
2005.01,190.70,1728.24,28.82,
2005.02,191.80,1744.83,29.04,
2005.03,193.30,1724.46,29.20,
2005.04,194.60,1669.26,29.34,
2005.05,194.40,1690.85,29.70,
2005.06,194.50,1724.36,30.02,
2005.07,195.40,1744.96,30.14,
2005.08,196.40,1738.96,30.24,
2005.09,198.80,1720.28,30.13,
2005.1,199.20,1669.27,30.42,
2005.11,197.60,1746.89,31.02,
2005.12,196.80,1789.01,31.50,
2006.01,198.30,1798.91,31.52,
2006.02,198.70,1792.37,31.72,
2006.03,199.80,1806.36,31.81,
2006.04,201.50,1802.79,31.84,
2006.05,202.50,1777.14,31.99,
2006.06,202.90,1722.98,32.23,
2006.07,203.50,1727.60,32.43,
2006.08,203.90,1761.02,32.67,
2006.09,202.90,1811.76,33.14,
2006.1,201.80,1884.73,33.68,
2006.11,201.50,1922.51,34.09,
2006.12,201.80,1958.05,34.39,
2007.01,202.42,1962.76,34.57,
2007.02,203.50,1980.61,34.66,
2007.03,205.35,1911.32,34.63,
2007.04,206.69,1975.50,34.71,
2007.05,207.95,2027.22,34.80,
2007.06,208.35,2027.38,35.04,
2007.07,208.30,2036.63,35.41,
2007.08,207.92,1951.70,35.84,
2007.09,208.49,2003.20,36.10,
2007.1,208.94,2055.72,36.36,
2007.11,210.18,1942.35,36.47,
2007.12,210.04,1964.68,36.83,
2008.01,211.08,1822.19,36.90,
2008.02,211.69,1785.44,37.04,
2008.03,213.53,1720.54,36.97,
2008.04,214.82,1779.68,36.93,
2008.05,216.63,1806.99,36.80,
2008.06,218.82,1709.96,36.60,
2008.07,219.96,1594.60,36.47,
2008.08,219.09,1631.73,36.68,
2008.09,218.78,1551.72,36.79,
2008.1,216.57,1247.91,36.96,
2008.11,212.43,1159.65,37.48,
2008.12,210.23,1164.50,37.67,
2009.01,211.14,1143.63,37.01,
2009.02,212.19,1058.62,36.33,
2009.03,212.71,992.97,35.75,
2009.04,213.24,1109.58,34.93,
2009.05,213.86,1177.16,34.11,
2009.06,215.69,1197.80,33.10,
2009.07,215.35,1212.27,32.42,
2009.08,215.83,1305.08,31.62,
2009.09,215.97,1349.25,30.87,
2009.1,216.18,1377.77,30.20,
2009.11,216.33,1403.12,29.54,
2009.12,215.95,1434.41,28.95,
2010.01,216.69,1446.52,28.63,
2010.02,216.74,1401.86,28.41,
2010.03,217.63,1476.74,28.07,
2010.04,218.01,1532.11,28.08,
2010.05,218.18,1438.53,28.12,
2010.06,217.97,1386.56,28.21,
2010.07,218.01,1381.71,28.33,
2010.08,218.31,1389.37,28.43,
2010.09,218.44,1433.00,28.54,
2010.1,218.71,1494.36,28.67,
2010.11,218.80,1528.55,28.82,
2010.12,219.18,1580.20,28.93,
2011.01,220.22,1624.76,29.09,
2011.02,221.31,1665.32,29.24,
2011.03,223.47,1628.47,29.25,
2011.04,224.91,1651.57,29.44,
2011.05,225.96,1652.23,29.67,
2011.06,225.72,1590.95,30.08,
2011.07,225.92,1636.34,30.40,
2011.08,226.55,1459.59,30.66,
2011.09,226.89,1443.32,30.96,
2011.1,226.42,1487.38,31.54,
2011.11,226.23,1512.31,32.08,
2011.12,225.67,1536.95,32.67,
2012.01,226.67,1600.68,32.91,
2012.02,227.66,1657.28,33.14,
2012.03,229.39,1689.48,33.26,
2012.04,230.09,1680.98,33.55,
2012.05,229.82,1628.14,33.98,
2012.06,229.48,1608.90,34.43,
2012.07,229.10,1655.73,35.00,
2012.08,230.38,1699.45,35.32,
2012.09,231.41,1740.08,35.67,
2012.1,231.32,1734.00,36.35,
2012.11,230.22,1689.78,37.20,
2012.12,229.60,1728.09,37.97,
2013.01,230.28,1793.40,38.20,
2013.02,232.17,1817.17,38.24,
2013.03,232.77,1858.60,38.48,
2013.04,232.53,1884.37,38.99,
2013.05,232.95,1963.82,39.38,
2013.06,233.50,1933.94,39.75,
2013.07,233.60,1992.79,40.18,
2013.08,233.88,1992.07,40.58,
2013.09,234.15,2010.11,40.98,
2013.1,233.55,2054.55,41.33,
2013.11,233.07,2134.77,41.65,
2013.12,233.05,2163.97,41.88,
2014.01,233.92,2173.34,42.22,
2014.02,234.78,2159.01,42.56,
2014.03,236.29,2200.07,42.77,
2014.04,237.07,2193.71,43.08,
2014.05,237.90,2215.99,43.38,
2014.06,238.34,2278.96,43.75,
2014.07,238.25,2310.31,44.20,
2014.08,237.85,2300.60,44.71,
2014.09,238.03,2336.02,45.11,
2014.1,237.43,2276.16,45.60,
2014.11,236.15,2415.27,46.22,
2014.12,234.81,2440.57,46.86,
2015.01,233.71,2420.96,47.62,
2015.02,234.72,2474.70,47.96,
2015.03,236.12,2457.44,48.22,
2015.04,236.60,2469.99,48.48,
2015.05,237.81,2477.50,48.60,
2015.06,238.64,2454.06,48.79,
2015.07,238.65,2447.88,49.09,
2015.08,238.32,2387.83,49.46,
2015.09,237.95,2279.63,49.84,
2015.1,237.84,2374.96,50.21,
2015.11,237.34,2445.58,50.66,
2015.12,236.53,2422.67,51.18,
2016.01,236.92,2259.14,51.28,
2016.02,237.11,2240.60,51.43,
2016.03,238.13,2368.68,51.40,
2016.04,239.26,2419.98,51.39,
2016.05,240.23,2398.63,51.40,
2016.06,241.02,2412.01,51.46,
2016.07,240.63,2491.28,51.76,
2016.08,240.85,2514.54,51.94,
2016.09,241.43,2493.19,52.03,
2016.1,241.73,2473.15,52.22,
2016.11,241.35,2502.40,52.56,
2016.12,241.43,2595.91,52.80,
2017.01,242.84,2613.60,52.76,
2017.02,243.60,2668.15,52.85,
2017.03,243.80,2708.21,53.07,
2017.04,244.52,2691.64,53.23,
2017.05,244.73,2730.42,53.51,
2017.06,244.96,2771.95,53.78,
2017.07,244.79,2796.78,54.17,
2017.08,245.52,2790.84,54.37,
2017.09,246.82,2817.53,54.44,
2017.1,246.66,2891.88,54.77,
2017.11,246.67,2933.21,55.05,
2017.12,246.52,3014.97,55.37,
2018.01,247.87,3139.84,55.47,
2018.02,248.99,3030.84,55.62,
2018.03,249.55,3021.33,55.89,
2018.04,250.55,2954.65,56.04,
2018.05,251.59,2995.48,56.17,
2018.06,251.99,3049.23,56.45,
2018.07,252.01,3092.52,56.94,
2018.08,252.15,3161.81,57.41,
2018.09,252.44,3206.41,57.84,
2018.1,252.89,3072.75,58.26,
2018.11,252.04,3014.20,58.97,
2018.12,251.23,2850.72,59.68,
2019.01,251.71,2889.72,60.01,
2019.02,252.78,3040.30,60.19,
2019.03,254.20,3077.15,60.29,
2019.04,255.55,3169.91,60.39,
2019.05,256.09,3109.71,60.67,
2019.06,256.14,3147.71,61.07,
2019.07,256.57,3257.65,61.39,
2019.08,256.56,3150.58,61.80,
2019.09,256.76,3240.10,62.17,
2019.1,257.35,3227.85,62.40,
2019.11,257.21,3367.57,62.80,
2019.12,256.97,3448.63,63.22,
2020.01,257.97,3545.02,63.46,
2020.02,258.68,3534.37,63.77,
2020.03,258.12,2866.67,64.39,
2020.04,256.39,3005.20,64.86,
2020.05,256.39,3176.66,64.90,
2020.06,257.80,3359.62,64.58,
2020.07,259.10,3453.56,63.96,
2020.08,259.92,3640.29,63.46,
2020.09,260.28,3607.15,63.08,
2020.1,260.39,3662.63,62.85,
2020.11,260.23,3804.54,62.68,
2020.12,260.47,3957.67,62.42,
2021.01,261.58,4045.89,61.92,
2021.02,263.01,4118.98,61.36,
2021.03,264.88,4118.53,60.70,
2021.04,267.05,4325.91,60.29,
2021.05,269.20,4319.15,59.89,
2021.06,271.70,4351.92,59.41,
2021.07,273.00,4459.05,59.60,
2021.08,273.57,4542.13,59.95,
2021.09,274.31,4521.02,60.26,
2021.1,276.59,4499.06,60.15,
2021.11,277.95,4684.50,60.24,
2021.12,278.63,4680.47,60.47,
